assertion_id,company_id,cause_code,source_id,assertion_type,confidence,evidence_quote,analyst_note
wesabe-technology,wesabe,technology,wesabe-hedlund-2010,explicit_founder_statement,high,"we chose not to work with Yodlee, but failed to find or make a replacement for them (until too late).",Founder identifies delayed automated aggregation as a primary reason.
wesabe-competition,wesabe,competition,wesabe-hedlund-2010,explicit_founder_statement,medium,"Mint (and some others) did well by seeing where we screwed up, and waiting to launch until they had a better approach.",Founder describes competitive displacement; confidence is medium because the postmortem emphasizes internal decisions.
rethinkdb-market,rethinkdb,market_problem,rethinkdb-akhmechet-2017,explicit_founder_statement,high,we picked a terrible market,Founder’s first stated hindsight conclusion.
rethinkdb-pmf,rethinkdb,pmf,rethinkdb-akhmechet-2017,explicit_founder_statement,high,most were willing to pay less for the lifetime of usage than the price of a single Starbucks coffee,Founder describes lack of willingness to pay in the chosen market.
rethinkdb-distribution,rethinkdb,distribution,rethinkdb-akhmechet-2017,explicit_founder_statement,high,early distribution challenges almost always doom you to eventual death.,Founder links the customer-acquisition funnel to the outcome.
tract-market,tract,market_problem,tract-postmortem-2025,explicit_founder_statement,high,"failing to secure a viable, venture-scale business model in the British property market",Founders’ summary.
tract-pricing,tract,pricing,tract-postmortem-2025,explicit_founder_statement,high,encountered a low willingness to pay for useful tools,Founders’ summary.
tract-focus,tract,focus,tract-postmortem-2025,explicit_founder_statement,high,Focussed too much on technology over business development.,Founders’ retrospective list.
tract-funding,tract,funding,tract-postmortem-2025,explicit_founder_statement,medium,Raised venture capital for a model that probably should have been funded differently.,Founders’ retrospective list; coded as a financing-model issue.
advisable-pmf,advisable,pmf,advisable-postmortem-2022,explicit_founder_statement,high,we haven't been able to get this new version working well enough to be investible or profitable.,Founder’s shutdown summary.
advisable-market,advisable,market_problem,advisable-postmortem-2022,explicit_founder_statement,medium,we're not the people we're building for nor do we deeply understand them.,Founder offers this as a possible underlying reason and expressly notes uncertainty.
advisable-operations,advisable,operations,advisable-postmortem-2022,explicit_founder_statement,medium,"it may also just be that we're in a bad market, we executed poorly",Founder names poor execution as an alternative explanation.
spreadable-distribution,spreadable,distribution,spreadable-postmortem,explicit_founder_statement,high,The product was most effectively sold in a manner that doesn’t align with the core strengths of our company,Company’s first stated reason.
spreadable-market,spreadable,market_problem,spreadable-postmortem,explicit_founder_statement,high,The size of the market for the product we had built was significantly smaller,Company’s second stated reason.
spreadable-focus,spreadable,focus,spreadable-postmortem,explicit_founder_statement,high,Investing financial and team resources in continuing to build Spreadable would not have yielded a return,Company’s third stated reason; coded as capital-allocation/focus.
juked-funding,juked,funding,juked-goldhaber-2022,explicit_founder_statement,high,we no longer see a viable path forward for Juked,CEO’s shutdown summary.
juked-timing,juked,timing,juked-goldhaber-2022,explicit_founder_statement,medium,the esports industry as a whole had begun losing luster in the eyes of investors and media.,CEO describes a weaker external funding context.
siempo-timing,siempo,timing,siempo-dunn-2021,explicit_founder_statement,high,"we made a new-to-the-world tool, before its time",CEO’s summary.
siempo-technology,siempo,technology,siempo-dunn-2021,explicit_founder_statement,high,Running into the hurdles of building hardware from scratch,CEO describes the original hardware path.
siempo-funding,siempo,funding,siempo-dunn-2021,explicit_founder_statement,medium,"ultimately never launched the campaign, due to a combination of burnout and continued lack of resonance with larger investors.",CEO describes unsuccessful fundraising and burnout.
sentar-team,sentar,team,sentar-lasse,explicit_founder_statement,high,we never agreed on how to “play startup” until we decided to shut down Sentar.,Founders describe unresolved decision-making conflict.
sentar-operations,sentar,operations,sentar-lasse,explicit_founder_statement,high,we just argued until someone won.,Founders describe their decision process.
helmet-team,helmet,team,helmet-khan-2025,explicit_founder_statement,high,"With Tim’s departure for financial and family reasons, we’ve made the difficult decision to stop operations",Co-founder directly links departure to closure.
helmet-funding,helmet,funding,helmet-khan-2025,explicit_founder_statement,medium,we both faced financial pressure.,Co-founder reports financial pressure; not described as the sole cause.
skillstackers-unit-economics,skillstackers,unit_economics,skillstackers-choco,explicit_founder_statement,high,we ultimately decided to shutdown after realizing a couple of challenges inherent in the current business model we had,Founder’s shutdown explanation.
skillstackers-competition,skillstackers,competition,skillstackers-choco,explicit_founder_statement,medium,questions on the defensibility of the product we were building,Founder identifies defensibility uncertainty.
skillstackers-team,skillstackers,team,skillstackers-choco,explicit_founder_statement,medium,and for several personal reasons as well.,Founder records personal reasons without further attribution.
bre-x-fraud,bre-x,fraud,bre-x-cim-2019,contemporaneous_reporting,high,"samples had been salted with gold from other sources",CIM reported the fraud mechanism but did not attribute it to a named individual.
davidstea-unit-economics,davidstea,unit_economics,davidstea-company-2020,explicit_founder_statement,high,"closure of 124 unprofitable stores across North America",Company identifies unprofitable stores in its restructuring announcement.
davidstea-timing,davidstea,timing,davidstea-company-2020,explicit_founder_statement,high,"further exacerbated by the COVID-19 pandemic",Company identified the pandemic as aggravating the retail environment.
quadriga-fraud,quadriga,fraud,quadriga-osc-2020,court_or_regulatory_finding,high,"The downfall of crypto asset trading platform QuadrigaCX (Quadriga) resulted from a fraud",OSC Staff conclusion; the report is not an OSC tribunal or court finding.
quadriga-governance,quadriga,governance,quadriga-osc-2020,court_or_regulatory_finding,high,"Quadriga did not maintain proper accounting records from 2016 onward.",OSC Staff review identified deficient accounting records; report limitation noted in source metadata.
target-canada-operations,target-canada,operations,target-canada-star-2015,contemporaneous_reporting,high,"significant problems" keeping the shelves fully stocked,Contemporaneous report quotes court-filed Target Canada statement.
target-canada-pmf,target-canada,pmf,target-canada-star-2015,contemporaneous_reporting,high,"Canadian consumers did not embrace the Target shopping experience in Canada",Contemporaneous report quotes Mark Wong affidavit filed in Ontario Superior Court.
target-canada-focus,target-canada,focus,target-canada-star-2015,contemporaneous_reporting,high,it opened too many stores too fast,Contemporaneous report summarizes Target Canada court filing.
zenn-pmf,zenn,pmf,zenn-cbc-2009,contemporaneous_reporting,high,"decision to halt production on the vehicle came down to sales",CBC News reports CEO Ian Clifford attributed the production halt to sales.
taiga-motors-funding,taiga-motors,funding,taiga-globe-2024,contemporaneous_reporting,medium,"after running out of money in its bid to scale up production",Contemporaneous reporting described the terminal funding constraint; it does not establish an upstream root cause.
